prompt,deviation,rgb,hex
acid green,31.17,68 193 46,#44c12e
algae green,25.99,59 159 58,#3b9f3a
aliceblue,22.13,109 158 182,#6d9eb6
alien gray,17.29,104 113 109,#68716d
alien green,26.91,45 169 40,#2da928
alizarin red lake pr83,35.64,182 52 42,#b6342a
alizarin scarlet lake,30.1,190 54 45,#be362d
alizarin scarlet lake pr48 2 py83,31.51,182 47 36,#b62f24
aloe vera green,20.49,114 195 90,#72c35a
amber,16.06,207 125 18,#cf7d12
antique bronze,17.19,109 74 43,#6d4a2b
antique white,18.02,203 199 184,#cbc7b8
antiquewhite,18.29,201 198 184,#c9c6b8
aqua,26.11,105 183 179,#69b7b3
aqua green,25.31,85 189 146,#55bd92
aqua seafoam green,16.62,133 210 177,#85d2b1
aquamarine,21.82,103 188 184,#67bcb8
aquamarine stone,25.44,104 178 173,#68b2ad
army brown,20.42,127 92 58,#7f5c3a
army green,26.18,70 111 55,#466f37
ash gray,21.14,128 128 123,#80807b
ash white,15.42,202 201 191,#cac9bf
avocado green,24.61,132 179 46,#84b32e
aztech purple,18.03,101 62 117,#653e75
azur,36.8,103 147 136,#679388
azur hue pb15,38.42,126 151 140,#7e978c
azure,26.07,70 161 186,#46a1ba
azure blue,25.65,49 148 189,#3194bd
baby blue,19.37,137 181 197,#89b5c5
baby doll blue,21.62,131 168 178,#83a8b2
baby pink,14.99,224 170 170,#e0aaaa
bakers brown,24.32,141 100 64,#8d6440
balloon blue,20.59,75 146 181,#4b92b5
banana yellow,10.69,234 210 24,#ead218
barbie pink,14.09,224 142 163,#e08ea3
baryte green,28.05,48 147 71,#309347
baryte green py32 py31,31.14,61 167 74,#3da74a
bashful pink,19.68,217 155 158,#d99b9e
basil green,26.81,69 148 70,#459446
basket ball orange,25.84,201 102 19,#c96613
battleship gray,20.11,115 120 117,#737875
bean red,33.07,175 47 34,#af2f22
bee yellow,22.72,217 183 22,#d9b716
beer,23.83,197 138 36,#c58a24
beetle green,29.8,62 140 56,#3e8c38
beige,13.38,213 186 144,#d5ba90
bisque,23.33,197 172 130,#c5ac82
black,11.53,25 25 22,#191916
black bean,29.59,59 51 34,#3b3322
black blue,25.12,18 46 71,#122e47
black eel,21.73,37 37 34,#252522
black for fresco,18.78,42 42 38,#2a2a26
black for fresco pbk67,17.14,38 36 31,#26241f
black lake,29.69,75 83 78,#4b534e
blanc,21.08,192 192 181,#c0c0b5
blanche,18.69,197 195 181,#c5c3b5
blanchedalmond,18.76,212 191 149,#d4bf95
bleu,26.27,67 140 178,#438cb2
bleue,23.17,73 142 177,#498eb1
blonde,23.89,196 169 95,#c4a95f
blood red,24.32,162 20 16,#a21410
blossom pink,18.96,212 155 162,#d49ba2
blue,26.32,54 133 176,#3685b0
blue angel,21.31,77 138 175,#4d8aaf
blue black,27.06,18 53 84,#123554
blue diamond,25.9,61 129 171,#3d81ab
blue gray,22.92,97 129 149,#618195
blue green,25.92,43 160 132,#2ba084
blue hosta,22.24,83 134 171,#5386ab
blue ivy,27.84,43 114 132,#2b7284
blue lagoon,19.99,95 172 192,#5facc0
blue magenta,31.21,66 78 148,#424e94
blue moss green,21.46,71 149 127,#47957f
blue orchid,26.69,95 144 178,#5f90b2
blue ribbon,33.81,91 138 162,#5b8aa2
blue turquoise,25.36,67 175 180,#43afb4
blue zircon,26.95,49 119 160,#3177a0
blueberry blue,22.96,54 107 154,#366b9a
blueviolet,22.0,69 77 158,#454d9e
bluey almost black,26.38,17 50 79,#11324f
bluey black,22.78,19 46 69,#132e45
blurple,17.52,118 80 140,#76508c
blush,17.2,212 156 147,#d49c93
blush pink,14.95,224 169 164,#e0a9a4
blush red,20.28,210 102 91,#d2665b
bold black,11.08,26 24 19,#1a1813
bold blue,30.14,43 123 174,#2b7bae
bold blueish purple,17.4,75 68 144,#4b4490
bold bluey gray,23.65,95 127 148,#5f7f94
bold bluey green,32.62,41 169 117,#29a975
bold bluey turquoise,30.15,54 181 187,#36b5bb
bold brown,19.36,144 83 38,#905326
bold brownish gray,18.77,116 94 73,#745e49
bold gray,19.51,122 121 117,#7a7975
bold green,30.58,51 182 48,#33b630
bold greenish blue,32.66,49 165 123,#31a57b
bold greenish brown,25.0,110 110 52,#6e6e34
bold greenish gray,19.97,100 131 104,#648368
bold greenish yellow,25.8,188 211 8,#bcd308
bold greeny turquoise,29.99,57 190 125,#39be7d
bold orange,14.11,223 108 11,#df6c0b
bold orangy brown,18.94,204 100 19,#cc6413
bold orangy gray,22.66,193 108 48,#c16c30
bold orangy pink,16.17,229 111 80,#e56f50
bold orangy red,20.59,216 68 14,#d8440e
bold orangy yellow,14.67,239 182 4,#efb604
bold pink,19.38,221 116 140,#dd748c
bold pinkish orange,14.57,232 108 62,#e86c3e
bold pinkish purple,18.92,190 78 141,#be4e8d
bold pinkish red,16.84,212 58 67,#d43a43
bold purple,18.08,108 61 134,#6c3d86
bold purplish brown,22.36,110 57 65,#6e3941
bold purplish gray,18.59,110 88 119,#6e5877
bold purply blue,24.27,59 66 137,#3b4289
bold purply red,23.36,165 24 36,#a51824
bold red,23.73,193 29 19,#c11d13
bold reddish brown,27.25,164 54 22,#a43616
bold reddish gray,30.14,149 57 51,#953933
bold reddish orange,18.35,217 72 12,#d9480c
bold reddish pink,16.58,211 61 71,#d33d47
bold reddish purple,27.02,144 30 62,#901e3e
bold turquoise,32.56,72 188 172,#48bcac
bold yellow,15.41,239 210 3,#efd203
bold yellowish brown,16.55,223 171 12,#dfab0c
bold yellowish gray,18.79,218 186 46,#daba2e
bold yellowy green,23.38,197 217 5,#c5d905
bold yellowy orange,12.06,239 176 5,#efb005
boldest blue,31.69,45 122 172,#2d7aac
bone white,22.77,197 195 182,#c5c3b6
bottle green,21.09,44 145 61,#2c913d
brass,22.94,153 115 47,#99732f
bright black,15.7,29 23 16,#1d1710
bright blue,28.68,45 149 197,#2d95c5
bright blueish purple,20.1,86 82 167,#5652a7
bright bluey gray,25.45,100 146 168,#6492a8
bright bluey turquoise,27.63,56 191 195,#38bfc3
bright brown,18.78,176 98 33,#b06221
bright brownish gray,19.39,143 109 79,#8f6d4f
bright cyan,34.59,82 190 180,#52beb4
bright gold,21.85,219 166 21,#dba615
bright grape,22.02,132 66 116,#844274
bright gray,19.84,142 144 140,#8e908c
bright green,19.27,69 222 43,#45de2b
bright greenish blue,31.09,65 194 139,#41c28b
bright greenish brown,27.07,123 148 48,#7b9430
bright greenish gray,26.15,115 166 116,#73a674
bright greenish yellow,23.11,185 225 15,#b9e10f
bright greeny turquoise,26.23,68 210 133,#44d285
bright lilac,18.21,182 143 189,#b68fbd
bright maroon,24.77,142 30 32,#8e1e20
bright navy blue,27.95,30 71 115,#1e4773
bright neon pink,21.26,219 63 124,#db3f7c
bright orange,14.56,227 113 9,#e37109
bright orangy brown,15.92,213 109 18,#d56d12
bright orangy gray,22.14,197 118 55,#c57637
bright orangy pink,14.54,229 109 86,#e56d56
bright orangy red,19.07,221 66 15,#dd420f
bright orangy yellow,13.3,240 186 4,#f0ba04
bright pink,14.77,222 100 138,#de648a
bright pinkish orange,15.31,231 112 72,#e77048
bright pinkish purple,21.01,204 83 152,#cc5398
bright pinkish red,18.04,218 62 76,#da3e4c
bright purple,20.78,124 62 149,#7c3e95
bright purplish brown,22.9,131 62 77,#833e4d
bright purplish gray,15.13,130 104 143,#82688f
bright purply blue,30.23,64 77 158,#404d9e
bright purply red,23.67,186 26 46,#ba1a2e
bright red,19.42,203 23 16,#cb1710
bright reddish brown,28.31,187 54 19,#bb3613
bright reddish gray,31.81,170 58 49,#aa3a31
bright reddish orange,18.19,221 71 12,#dd470c
bright reddish pink,18.55,217 58 73,#d93a49
bright reddish purple,26.81,168 28 67,#a81c43
bright teal,24.71,67 177 158,#43b19e
bright turquoise,26.01,73 199 181,#49c7b5
bright yellow,12.61,238 214 3,#eed603
bright yellow py1 pr4,18.86,235 209 15,#ebd10f
bright yellowish brown,16.37,227 175 14,#e3af0e
bright yellowish gray,21.15,219 192 55,#dbc037
bright yellowy green,21.43,197 227 4,#c5e304
bright yellowy orange,14.5,239 181 5,#efb505
brightest boldest blue,35.51,52 136 185,#3488b9
brilliant black,15.82,29 23 13,#1d170d
brilliant blue,29.07,39 132 183,#2784b7
brilliant blueish purple,18.86,74 66 153,#4a4299
brilliant bluey gray,23.74,91 133 157,#5b859d
brilliant bluey green,36.06,45 177 123,#2db17b
brilliant bluey turquoise,28.18,50 184 189,#32b8bd
brilliant brown,21.17,154 83 28,#9a531c
brilliant brownish gray,20.37,123 92 67,#7b5c43
brilliant gray,20.83,116 118 116,#747674
brilliant green,27.22,58 202 40,#3aca28
brilliant greenish blue,31.75,47 179 132,#2fb384
brilliant greenish brown,26.33,110 121 44,#6e792c
brilliant greenish gray,23.86,97 145 107,#61916b
brilliant greenish yellow,24.14,188 218 10,#bcda0a
brilliant greeny turquoise,27.4,51 194 129,#33c281
brilliant orange,15.22,225 110 9,#e16e09
brilliant orangy brown,18.5,203 99 16,#cb6310
brilliant orangy gray,22.84,190 108 49,#be6c31
brilliant orangy pink,17.08,224 100 71,#e06447
brilliant orangy red,23.36,212 64 13,#d4400d
brilliant orangy yellow,19.36,238 179 4,#eeb304
brilliant pink,17.22,218 102 135,#da6687
brilliant pinkish orange,15.49,228 105 59,#e4693b
brilliant pinkish purple,20.95,190 74 141,#be4a8d
brilliant pinkish red,18.34,209 53 67,#d13543
brilliant purple,21.9,115 57 137,#733989
brilliant purplish brown,22.28,113 54 63,#71363f
brilliant purplish gray,17.85,110 82 122,#6e527a
brilliant purply blue,34.59,53 71 146,#354792
brilliant purply red,26.59,164 24 39,#a41827
brilliant red,21.4,187 18 12,#bb120c
brilliant reddish brown,28.41,164 52 19,#a43413
brilliant reddish orange,19.69,216 70 10,#d8460a
brilliant reddish pink,21.97,209 52 70,#d13446
brilliant reddish purple,28.69,149 26 63,#951a3f
brilliant turquoise,28.07,62 189 176,#3ebdb0
brilliant yellow,14.7,239 213 7,#efd507
brilliant yellowish brown,17.78,222 169 12,#dea90c
brilliant yellowish gray,23.24,216 184 37,#d8b825
brilliant yellowy green,24.1,195 219 3,#c3db03
brilliant yellowy orange,15.8,237 176 4,#edb004
broccoli green,25.44,80 171 61,#50ab3d
bronze,19.27,127 81 42,#7f512a
bronze gold,20.45,162 115 42,#a2732a
brown,18.12,145 94 55,#915e37
brown madder,20.68,147 75 29,#934b1d
brown madder pbr23 py42,21.1,132 78 40,#844e28
brown ochre,13.41,186 120 39,#ba7827
brown ochre pbr7 pg7,14.37,186 119 42,#ba772a
brown rust,17.58,158 85 37,#9e5525
brown sand,15.15,187 138 88,#bb8a58
brown sugar,17.63,174 113 56,#ae7138
bullet shell,29.9,143 116 63,#8f743f
burgundy,21.13,118 37 41,#762529
burlywood,24.13,173 137 84,#ad8954
burnt pink,22.5,208 118 121,#d07679
burnt sienna,16.49,189 98 26,#bd621a
burnt sienna pbr7,17.67,178 101 38,#b26526
burnt umber,16.66,171 88 25,#ab5819
burnt umber pbr7,18.33,163 90 32,#a35a20
cactus green,23.83,97 178 84,#61b254
cadet blue,27.43,51 111 152,#336f98
cadetblue,24.96,68 121 152,#447998
cadillac pink,20.7,208 146 154,#d0929a
cadmium,27.25,189 133 34,#bd8522
cadmium lemon,20.18,223 201 11,#dfc90b
cadmium lemon yellow,10.79,237 215 23,#edd717
cadmium lemon yellow py35,9.3,238 218 31,#eeda1f
cadmium lemon yellow sub py1 py3,8.87,235 221 19,#ebdd13
cadmium orange yellow,16.13,232 164 7,#e8a407
cadmium orange yellow po20,15.78,235 169 10,#eba90a
cadmium orange yellow sub py1 pr4,15.6,235 166 4,#eba604
cadmium red deep,25.99,167 29 20,#a71d14
cadmium red deep pr108,25.87,174 38 25,#ae2619
cadmium red light,31.4,169 25 19,#a91913
cadmium red light pr108,26.49,186 40 30,#ba281e
cadmium red light sub pr4,30.02,177 30 24,#b11e18
cadmium red orange,22.36,212 79 16,#d44f10
cadmium red orange light,22.81,203 67 10,#cb430a
cadmium red orange light sub pr4 py1,22.23,210 75 17,#d24b11
cadmium red orange po20,20.61,218 82 20,#da5214
cadmium red purple,26.14,152 40 69,#982845
cadmium red purple light,30.58,141 27 61,#8d1b3d
cadmium red purple light sub pr3,30.56,151 32 66,#972042
cadmium red purple pr108,21.55,145 45 71,#912d47
cadmium yellow,16.18,235 201 5,#ebc905
cadmium yellow deep,12.88,231 195 10,#e7c30a
cadmium yellow deep py35,11.34,233 202 20,#e9ca14
cadmium yellow deep sub py1,13.19,234 209 7,#ead107
cadmium yellow light,19.6,227 201 14,#e3c90e
cadmium yellow light py35,18.56,231 207 25,#e7cf19
cadmium yellow light sub py1 py3,19.17,231 211 17,#e7d311
cadmium yellow medium,15.89,234 203 19,#eacb13
cadmium yellow medium py35,8.89,237 210 30,#edd21e
cadmium yellow medium sub py1,9.53,236 214 10,#ecd60a
camel brown,17.26,179 130 79,#b3824f
camouflage green,29.32,62 115 50,#3e7332
canary blue,34.49,146 177 153,#92b199
canary yellow,14.51,236 207 19,#eccf13
cantaloupe,25.81,205 149 45,#cd952d
caramel,18.07,191 126 53,#bf7e35
carbon gray,19.96,81 83 81,#515351
carbon red,26.14,143 27 22,#8f1b16
cardboard brown,19.09,171 125 79,#ab7d4f
carnation pink,22.9,208 144 150,#d09096
carrot orange,23.69,208 100 19,#d06413
cerise,27.35,189 75 75,#bd4b4b
cerulean,33.08,75 166 184,#4ba6b8
cerulean blue,29.82,59 152 186,#3b98ba
cerulean blue pb35,30.75,74 161 190,#4aa1be
cerulean blue sub,30.35,61 150 179,#3d96b3
cerulean blue sub pb15,30.87,70 155 186,#469bba
chameleon green,34.33,63 154 61,#3f9a3d
champagne,24.02,190 156 98,#be9c62
charcoal,16.83,64 65 62,#40413e
charcoal blue,20.59,42 68 88,#2a4458
chartreuse,18.54,164 217 33,#a4d921
cheese orange,16.51,218 142 13,#da8e0d
cherry red,28.11,176 35 29,#b0231d
chestnut,23.13,150 96 54,#966036
chestnut red,25.36,162 60 35,#a23c23
chilli pepper,38.01,172 47 16,#ac2f10
chinese vermilion,28.24,197 56 25,#c53819
chinese vermilion sub pr3,35.43,186 54 22,#ba3616
chinise vermillian,37.51,168 139 91,#a88b5b
chocolate,15.57,102 64 43,#66402b
chocolate brown,19.76,98 63 42,#623f2a
chrome aluminum,26.95,144 129 113,#908171
chrome gold,23.12,181 136 40,#b58828
chrome green,23.85,41 158 56,#299e38
chrome pink,19.46,206 126 145,#ce7e91
chrome white,16.61,198 200 195,#c6c8c3
chrome yellow,17.73,231 198 10,#e7c60a
chrome yellow deep,19.37,221 182 6,#ddb606
chrome yellow deep py34,19.18,229 193 15,#e5c10f
chrome yellow light,21.23,219 188 9,#dbbc09
chrome yellow light py34,22.77,226 202 20,#e2ca14
chromium oxide green,28.71,55 145 64,#379140
chromium oxide green pg17,32.51,67 164 73,#43a449
cinnamon,19.01,177 103 45,#b1672d
citron green,23.8,140 222 31,#8cde1f
clematis violet,19.49,139 106 149,#8b6a95
cloudy gray,13.91,149 152 147,#959893
clover green,22.08,65 169 63,#41a93f
cobalt blue,29.16,32 89 158,#20599e
cobalt blue deep,28.64,25 76 142,#194c8e
cobalt blue deep pb74,30.37,37 85 144,#255590
cobalt blue pb72,31.06,45 96 156,#2d609c
cobalt blue turquoise,26.31,32 150 180,#2096b4
cobalt blue turquoise pb36,28.45,50 162 180,#32a2b4
cobalt green deep,22.35,20 123 76,#147b4c
cobalt green deep pg19,19.48,24 125 79,#187d4f
cobalt green light,25.45,27 158 81,#1b9e51
cobalt green light pg19,30.38,56 180 100,#38b464
cobalt violet deep,25.02,51 48 125,#33307d
cobalt violet deep pv14,26.67,55 55 125,#37377d
cold metal,32.41,90 86 79,#5a564f
columbia blue,24.59,77 131 160,#4d83a0
construction cone orange,19.84,211 110 22,#d36e16
cookie brown,19.41,147 100 59,#93643b
cool black,13.58,28 29 26,#1c1d1a
copper,20.88,157 90 53,#9d5a35
copper red,21.92,173 59 27,#ad3b1b
coral,34.69,202 116 97,#ca7461
coral blue,25.44,124 165 175,#7ca5af
coral brown,21.8,196 105 69,#c46945
coral peach,16.69,225 146 116,#e19274
corn yellow,17.87,227 191 22,#e3bf16
cornflowerblue,25.08,67 135 177,#4387b1
cornsilk,21.14,194 162 65,#c2a241
cosmic latte,26.54,169 131 87,#a98357
cotton candy,21.57,211 160 166,#d3a0a6
cranberry,29.85,145 55 55,#913737
cream,14.58,210 194 155,#d2c29b
cream white,9.15,225 219 200,#e1dbc8
creamy white,9.87,224 218 197,#e0dac5
crimson,26.36,165 26 22,#a51a16
crimson purple,23.46,116 29 66,#741d42
crimson red,23.83,166 19 17,#a61311
crocus purple,17.85,138 108 152,#8a6c98
crystal blue,22.15,76 155 192,#4c9bc0
cyan,30.56,91 178 176,#5bb2b0
cyan blue,27.39,61 160 187,#3da0bb
cyan opaque,28.83,74 173 181,#4aadb5
dark almond,27.62,158 122 72,#9e7a48
dark beige,18.5,176 146 108,#b0926c
dark bisque,35.91,115 93 61,#735d3d
dark black,9.97,22 22 20,#161614
dark blonde,26.62,142 106 59,#8e6a3b
dark blue,26.69,19 53 88,#133558
dark blue gray,19.89,53 72 86,#354856
dark blueish purple,18.25,45 41 86,#2d2956
dark bluey gray,18.78,50 67 79,#32434f
dark bluey green,27.66,20 88 67,#145843
dark bluey turquoise,29.41,23 120 126,#17787e
dark blurple,20.64,69 44 84,#452c54
dark bronze,23.39,85 56 35,#553823
dark brown,21.73,80 51 32,#503320
dark brownish gray,16.62,71 61 51,#473d33
dark carnation pink,30.57,176 90 101,#b05a65
dark coffee,25.3,81 54 34,#513622
dark forest green,18.98,30 83 52,#1e5334
dark gainsboro,30.39,71 65 53,#474135
dark gold,26.71,146 100 27,#92641b
dark goldenrod,23.68,194 151 22,#c29716
dark gray,16.46,57 59 59,#393b3b
dark grayish olive,19.36,82 85 68,#525544
dark green,26.95,21 83 43,#15532b
dark green blue,23.0,19 90 68,#135a44
dark greenish blue,25.02,22 84 70,#165446
dark greenish brown,22.46,61 70 42,#3d462a
dark greenish gray,17.34,57 78 65,#394e41
dark greenish yellow,33.58,140 142 15,#8c8e0f
dark greeny turquoise,27.49,22 108 82,#166c52
dark hazel brown,21.59,101 60 33,#653c21
dark hot pink,27.5,185 47 85,#b92f55
dark khaki,24.22,95 86 58,#5f563a
dark lime green,28.81,94 187 30,#5ebb1e
dark maroon,23.75,82 26 30,#521a1e
dark mint,26.85,83 135 117,#538775
dark olive green,21.02,69 86 48,#455630
dark orange,26.86,185 76 9,#b94c09
dark orangy brown,23.85,149 67 15,#95430f
dark orangy gray,25.81,110 70 45,#6e462d
dark orangy pink,27.86,189 80 66,#bd5042
dark orangy red,36.78,161 38 11,#a1260b
dark orangy yellow,29.56,199 138 5,#c78a05
dark pink,24.71,177 71 95,#b1475f
dark pinkish orange,24.13,195 81 45,#c3512d
dark pinkish purple,25.51,119 45 84,#772d54
dark pinkish red,31.67,160 36 48,#a02430
dark purple,18.71,61 34 74,#3d224a
dark purplish brown,17.6,75 39 45,#4b272d
dark purplish gray,14.82,66 53 66,#423542
dark purply blue,24.73,34 42 87,#222a57
dark purply red,26.53,95 19 29,#5f131d
dark raspberry,35.44,120 35 56,#782338
dark red,28.87,121 16 17,#791011
dark reddish brown,26.18,103 38 22,#672616
dark reddish gray,25.89,81 42 41,#512a29
dark reddish orange,33.5,175 51 9,#af3309
dark reddish pink,34.66,155 40 53,#9b2835
dark reddish purple,22.76,81 23 41,#511729
dark scarlet,26.25,136 19 18,#881312
dark sea green,18.28,36 101 73,#246549
dark sienna,20.34,152 78 28,#984e1c
dark sky blue,26.75,48 104 137,#306889
dark slate,20.54,55 64 64,#374040
dark slate gray,17.94,67 73 73,#434949
dark teal,20.11,31 93 85,#1f5d55
dark turquoise,31.39,32 121 114,#207972
dark violet,20.66,65 33 82,#412152
dark white,36.8,145 144 138,#91908a
dark yellow,28.35,202 163 4,#caa304
dark yellowish brown,22.86,185 130 12,#b9820c
dark yellowish gray,28.39,168 131 29,#a8831d
dark yellowy green,37.44,147 148 12,#93940c
dark yellowy orange,23.94,202 131 5,#ca8305
darkblue,24.52,32 60 87,#203c57
darkcyan,30.68,39 88 101,#275865
darkest green,25.74,21 83 41,#155329
darkest navy,24.38,37 47 58,#252f3a
darkgoldenrod,32.34,154 61 20,#9a3d14
darkgray,19.15,71 73 72,#474948
darkgreen,20.14,31 90 51,#1f5a33
darkgrey,19.01,72 74 72,#484a48
darkkhaki,26.8,47 45 34,#2f2d22
darkmagenta,29.48,117 32 66,#752042
darkolivegreen,24.21,45 80 45,#2d502d
darkorange,27.27,184 77 11,#b84d0b
darkorchid,34.13,93 45 71,#5d2d47
darkred,27.4,126 24 22,#7e1816
darksalmon,39.66,161 82 60,#a1523c
darkseagreen,20.17,26 99 67,#1a6343
darkslateblue,20.77,39 66 84,#274254
darkslategray,17.29,67 74 73,#434a49
darkslategrey,17.83,70 76 76,#464c4c
darkturquoise,30.09,37 112 106,#25706a
darkviolet,17.21,66 38 88,#422658
day sky blue,20.89,153 193 206,#99c1ce
dayglow pink,24.2,213 113 148,#d57194
deep amber,18.21,189 102 16,#bd6610
deep black,12.17,24 23 19,#181713
deep blue,30.58,27 79 127,#1b4f7f
deep blueish purple,19.76,56 47 110,#382f6e
deep bluey gray,21.15,63 85 99,#3f5563
deep bluey green,27.83,24 117 89,#187559
deep bluey turquoise,28.38,33 148 153,#219499
deep brown,21.64,103 58 32,#673a20
deep brownish gray,17.61,84 70 57,#544639
deep cadmium yellow,19.59,228 188 4,#e4bc04
deep emerald green,16.51,19 112 58,#13703a
deep gray,18.52,75 78 77,#4b4e4d
deep green,26.71,23 108 48,#176c30
deep greenish blue,26.82,27 110 91,#1b6e5b
deep greenish brown,25.95,69 81 44,#45512c
deep greenish gray,19.02,64 90 74,#405a4a
deep greenish yellow,30.21,157 170 12,#9daa0c
deep greeny turquoise,25.34,25 137 98,#198962
deep mauve,17.58,115 65 75,#73414b
deep orange,18.12,204 86 10,#cc560a
deep orangy brown,22.59,173 79 17,#ad4f11
deep orangy pink,18.26,215 91 70,#d75b46
deep orangy red,25.73,196 52 13,#c4340d
deep orangy yellow,20.0,224 155 6,#e09b06
deep peach,18.06,216 141 105,#d88d69
deep periwinkle,28.21,103 130 161,#6782a1
deep pink,20.62,201 83 112,#c95370
deep pinkish orange,16.28,216 91 57,#d85b39
deep pinkish purple,21.9,149 55 104,#953768
deep pinkish red,23.57,185 45 58,#b92d3a
deep purple,20.85,80 41 97,#502961
deep purplish brown,17.67,88 43 52,#582b34
deep purplish gray,18.43,82 62 82,#523e52
deep purply blue,28.26,48 49 107,#30316b
deep purply red,23.7,110 23 38,#6e1726
deep red,24.32,149 18 17,#951211
deep reddish brown,25.37,119 40 21,#772815
deep reddish gray,24.15,97 45 44,#612d2c
deep reddish orange,24.22,195 55 10,#c3370a
deep reddish pink,26.61,178 46 60,#b22e3c
deep reddish purple,24.03,95 23 44,#5f172c
deep rose,29.14,167 76 83,#a74c53
deep sea blue,26.09,38 111 148,#266f94
deep sea green,20.96,32 129 88,#208158
deep sky blue,27.62,57 129 167,#3981a7
deep teal,19.76,37 114 105,#257269
deep turquoise,28.12,38 151 142,#26978e
deep yellow,24.55,223 184 4,#dfb804
deep yellowish brown,19.45,200 141 14,#c88d0e
deep yellowish gray,25.45,185 148 35,#b99423
deep yellowy green,31.22,162 174 8,#a2ae08
deep yellowy orange,16.43,224 150 6,#e09606
deeppink,25.61,192 95 117,#c05f75
deepskyblue,30.47,59 115 152,#3b7398
deer brown,23.59,137 94 60,#895e3c
denim blue,23.08,64 109 144,#406d90
denim dark blue,20.86,33 60 87,#213c57
desert sand,14.03,207 171 121,#cfab79
dimgray,18.57,120 124 116,#787c74
dimgrey,28.64,124 123 104,#7c7b68
dimorphotheca magenta,31.84,175 80 110,#af506e
dinosaur green,27.6,73 151 68,#499744
dirty blue,24.12,49 112 145,#317091
dirty blueish purple,17.65,72 68 122,#48447a
dirty bluey gray,17.12,99 121 129,#637981
dirty bluey green,27.75,49 130 99,#318263
dirty bluey turquoise,26.15,57 159 158,#399f9e
dirty brown,17.13,133 81 42,#85512a
dirty brownish gray,15.8,113 98 77,#71624d
dirty gray,13.56,114 115 108,#72736c
dirty green,28.19,58 118 58,#3a763a
dirty greenish blue,24.67,63 131 110,#3f836e
dirty greenish brown,23.46,99 102 57,#636639
dirty greenish gray,18.13,96 116 95,#60745f
dirty greenish yellow,23.89,173 178 23,#adb217
dirty greeny turquoise,27.05,58 153 113,#3a9971
dirty orange,14.81,208 99 15,#d0630f
dirty orangy brown,17.35,180 95 26,#b45f1a
dirty orangy pink,13.93,222 120 98,#de7862
dirty orangy red,23.28,198 60 17,#c63c11
dirty orangy yellow,17.94,226 168 6,#e2a806
dirty pink,15.43,208 128 135,#d08087
dirty pinkish orange,12.85,220 116 77,#dc744d
dirty pinkish purple,18.01,161 84 128,#a15480
dirty pinkish red,21.04,198 76 75,#c64c4b
dirty purple,15.36,97 61 109,#613d6d
dirty purplish brown,16.57,103 59 64,#673b40
dirty purplish gray,14.77,103 85 101,#675565
dirty purply blue,22.15,48 76 123,#304c7b
dirty purply red,22.7,136 27 37,#881b25
dirty red,22.68,164 29 21,#a41d15
dirty reddish brown,20.38,141 57 26,#8d391a
dirty reddish gray,25.97,125 67 58,#7d433a
dirty reddish orange,20.43,201 73 15,#c9490f
dirty reddish pink,20.46,198 82 82,#c65252
dirty reddish purple,20.56,112 39 60,#70273c
dirty turquoise,26.5,72 160 144,#48a090
dirty white,17.21,201 199 186,#c9c7ba
dirty yellow,16.35,226 187 9,#e2bb09
dirty yellowish brown,17.34,204 150 23,#cc9617
dirty yellowish gray,20.3,197 162 47,#c5a22f
dirty yellowy green,25.39,170 176 15,#aab00f
dirty yellowy orange,14.83,225 157 8,#e19d08
dodger blue,21.9,59 127 171,#3b7fab
dodgerblue,24.27,57 118 163,#3976a3
dollar bill green,29.45,77 165 73,#4da549
dolphin gray,16.46,136 143 141,#888f8d
donut pink,18.49,218 150 161,#da96a1
dragon green,32.57,61 142 62,#3d8e3e
dull green yellow,28.66,164 182 22,#a4b616
dull purple,18.44,99 69 115,#634573
dull sea green,17.39,89 149 116,#599574
dusky pink,15.6,210 146 140,#d2928c
dusty pink,12.01,214 156 149,#d69c95
dusty rose,15.12,197 140 129,#c58c81
earth blue,23.84,84 132 156,#54849c
earth green,25.82,82 141 65,#528d41
ebony,13.69,29 28 26,#1d1c1a
egg shell,28.87,195 167 115,#c3a773
eggplant,18.83,87 44 79,#572c4f
electric blue,26.14,32 124 180,#207cb4
elf green,28.59,60 144 57,#3c9039
emerald,21.79,36 144 78,#24904e
emerald green,19.92,25 146 64,#199240
emerald green pg18,16.34,36 146 72,#249248
emerald green sub pg7,20.04,33 146 70,#219246
english green deep,22.47,45 117 58,#2d753a
english green deep pg36,26.01,56 135 69,#388745
english green light,24.48,65 171 70,#41ab46
english green light py74 pg7,30.52,112 190 104,#70be68
estoril blue,24.93,67 132 168,#4384a8
faded black,10.64,34 34 32,#222220
faded blue,20.45,94 155 182,#5e9bb6
faded blueish purple,16.08,105 101 160,#6965a0
faded bluey brown,23.58,134 130 106,#86826a
faded bluey gray,16.98,127 150 156,#7f969c
faded bluey green,22.46,93 167 142,#5da78e
faded bluey turquoise,22.9,101 190 187,#65bebb
faded brown,16.78,164 111 62,#a46f3e
faded brownish gray,16.79,138 121 97,#8a7961
faded gray,13.81,146 148 141,#92948d
faded green,19.33,95 165 98,#5fa562
faded greenish blue,20.8,109 169 147,#6da993
faded greenish brown,22.43,130 131 81,#828351
faded greenish gray,17.43,127 147 123,#7f937b
faded greenish yellow,20.36,188 199 59,#bcc73b
faded greeny turquoise,23.03,102 187 147,#66bb93
faded orange,12.33,221 121 30,#dd791e
faded orangy brown,15.1,204 117 43,#cc752b
faded orangy pink,13.31,230 142 118,#e68e76
faded orangy red,22.0,210 77 33,#d24d21
faded orangy yellow,16.81,231 173 20,#e7ad14
faded pink,13.51,226 161 166,#e2a1a6
faded pinkish orange,13.85,231 142 105,#e78e69
faded pinkish purple,16.36,195 130 167,#c382a7
faded pinkish red,16.96,213 102 97,#d56661
faded purple,15.16,142 103 156,#8e679c
faded purplish brown,16.95,130 80 81,#825051
faded purplish gray,14.36,136 117 136,#887588
faded purply blue,17.77,84 95 152,#545f98
faded purply red,22.85,159 42 55,#9f2a37
faded red,25.43,189 45 34,#bd2d22
faded reddish brown,20.34,167 71 38,#a74726
faded reddish gray,23.61,151 89 79,#97594f
faded reddish orange,18.3,211 83 29,#d3531d
faded reddish pink,15.85,214 108 104,#d66c68
faded reddish purple,19.93,148 57 81,#943951
faded turquoise,21.93,114 192 178,#72c0b2
faded yellow,17.16,231 199 35,#e7c723
faded yellowish brown,16.17,215 165 47,#d7a52f
faded yellowish gray,19.28,208 183 91,#d0b75b
faded yellowy green,20.87,190 201 50,#bec932
faded yellowy orange,14.17,231 168 23,#e7a817
fall forest green,27.97,80 116 67,#507443
fall leaf brown,19.23,154 90 38,#9a5a26
fern green,23.69,69 147 69,#459345
fire engine red,32.08,177 34 28,#b1221c
firebrick,31.39,172 74 33,#ac4a21
flake white,22.2,195 196 187,#c3c4bb
flake white pw1,20.21,199 199 189,#c7c7bd
flamingo pink,24.5,208 135 145,#d08791
fluorescent blue,31.31,35 151 198,#2397c6
fluorescent blueish purple,24.7,68 57 178,#4439b2
fluorescent bluey gray,27.68,68 136 166,#4488a6
fluorescent bluey green,30.28,51 209 101,#33d165
fluorescent bluey turquoise,24.59,45 200 201,#2dc8c9
fluorescent brown,25.39,191 102 17,#bf6611
fluorescent brownish gray,32.65,144 112 55,#907037
fluorescent gray,39.82,125 136 98,#7d8862
fluorescent green,26.17,80 233 26,#50e91a
fluorescent greenish blue,32.29,53 204 103,#35cc67
fluorescent greenish brown,36.11,118 168 27,#76a81b
fluorescent greenish gray,29.49,107 187 79,#6bbb4f
fluorescent greenish yellow,27.57,162 236 8,#a2ec08
fluorescent greeny turquoise,25.83,63 229 100,#3fe564
fluorescent orange,20.35,224 110 6,#e06e06
fluorescent orangy brown,17.47,213 101 14,#d5650e
fluorescent orangy gray,28.72,191 106 47,#bf6a2f
fluorescent orangy pink,22.58,227 84 78,#e3544e
fluorescent orangy red,19.98,221 56 14,#dd380e
fluorescent orangy yellow,28.15,234 192 2,#eac002
fluorescent pink,23.17,218 70 131,#da4683
fluorescent pinkish orange,19.82,227 92 68,#e35c44
fluorescent pinkish purple,25.23,194 51 155,#c2339b
fluorescent pinkish red,21.74,213 39 78,#d5274e
fluorescent purple,29.34,141 44 151,#8d2c97
fluorescent purplish brown,31.75,144 51 81,#903351
fluorescent purplish gray,19.82,120 84 143,#78548f
fluorescent purply blue,49.7,50 94 175,#325eaf
fluorescent purply red,29.19,188 31 59,#bc1f3b
fluorescent red,22.42,202 20 16,#ca1410
fluorescent reddish brown,31.07,189 52 15,#bd340f
fluorescent reddish gray,40.12,164 63 58,#a43f3a
fluorescent reddish orange,23.84,219 64 9,#db4009
fluorescent reddish pink,22.48,212 42 83,#d42a53
fluorescent turquoise,30.9,65 211 170,#41d3aa
fluorescent yellow,17.36,225 233 6,#e1e906
fluorescent yellowish brown,32.3,221 179 7,#ddb307
fluorescent yellowish gray,31.42,199 201 32,#c7c920
fluorescent yellowy green,23.87,167 236 7,#a7ec07
fluorescent yellowy orange,30.51,231 182 3,#e7b603
fluro orange,16.67,224 112 12,#e0700c
forestgreen,25.32,58 123 69,#3a7b45
french lilac,17.0,179 156 187,#b39cbb
french vermilion,27.4,192 51 25,#c03319
french vermilion sub pr4 py1,33.61,185 53 21,#b93515
fresh black,15.53,32 32 29,#20201d
fresh blue,26.64,92 163 192,#5ca3c0
fresh blueish purple,19.51,110 103 169,#6e67a9
fresh bluey gray,19.71,131 158 168,#839ea8
fresh bluey green,30.22,86 184 139,#56b88b
fresh bluey turquoise,23.22,94 197 195,#5ec5c3
fresh brown,19.94,163 107 58,#a36b3a
fresh brownish gray,19.37,137 116 93,#89745d
fresh gray,20.79,145 146 141,#91928d
fresh green,28.78,96 192 68,#60c044
fresh greenish blue,30.0,98 188 149,#62bc95
fresh greenish brown,25.54,132 140 66,#848c42
fresh greenish gray,20.33,132 160 128,#84a080
fresh greenish yellow,21.17,195 217 29,#c3d91d
fresh greeny turquoise,25.87,99 206 151,#63ce97
fresh magenta,29.04,181 58 107,#b53a6b
fresh orange,17.74,219 124 18,#db7c12
fresh orangy brown,18.13,208 115 32,#d07320
fresh orangy gray,20.15,194 132 84,#c28454
fresh orangy pink,16.9,224 134 108,#e0866c
fresh orangy red,25.53,211 75 24,#d34b18
fresh orangy yellow,20.25,236 185 8,#ecb908
fresh pink,18.34,218 149 159,#da959f
fresh pinkish orange,16.86,231 135 93,#e7875d
fresh pinkish purple,23.02,194 117 162,#c275a2
fresh pinkish red,20.74,210 88 87,#d25857
fresh purple,18.23,138 96 155,#8a609b
fresh purplish brown,20.49,132 76 81,#844c51
fresh purplish gray,16.11,136 117 142,#88758e
fresh purply blue,31.1,72 109 160,#486da0
fresh purply red,29.87,169 34 43,#a9222b
fresh red,33.36,191 42 29,#bf2a1d
fresh reddish brown,26.59,171 70 34,#ab4622
fresh reddish gray,26.84,158 84 74,#9e544a
fresh reddish orange,21.83,216 83 20,#d85314
fresh reddish pink,21.05,210 93 94,#d25d5e
fresh reddish purple,28.26,149 44 75,#952c4b
fresh turquoise,21.83,107 202 185,#6bcab9
fresh yellow,20.4,234 206 15,#eace0f
fresh yellowish brown,17.51,221 171 34,#ddab22
fresh yellowish gray,21.48,213 192 82,#d5c052
fresh yellowy green,23.82,192 216 22,#c0d816
fresh yellowy orange,15.66,236 177 11,#ecb10b
frog green,35.28,89 164 56,#59a438
fuchsia,29.9,189 51 110,#bd336e
fuchsia pink,20.51,210 61 125,#d23d7d
fuchsin,35.42,184 77 102,#b84d66
gainsboro,27.88,172 150 104,#ac9668
garnet red,28.41,136 25 23,#881917
ghost white,20.0,194 199 192,#c2c7c0
ghostwhite,22.74,184 188 180,#b8bcb4
ginger brown,21.33,176 106 47,#b06a2f
ginger red,29.86,196 67 27,#c4431b
glacial blue ice,18.36,118 178 205,#76b2cd
gold,21.56,192 143 35,#c08f23
gold pink,19.66,217 150 114,#d99672
golden blonde,23.4,204 161 64,#cca140
golden brown,17.51,196 130 36,#c48224
golden silk,16.96,203 149 39,#cb9527
golden yellow,17.87,233 194 15,#e9c20f
goldenrod,19.3,215 174 27,#d7ae1b
granite,31.27,150 130 100,#968264
grapefruit,24.38,213 133 51,#d58533
grass green,21.46,92 179 69,#5cb345
gray,19.56,134 136 131,#868883
gray brown,19.23,123 107 89,#7b6b59
gray dolphin,21.27,128 137 136,#808988
gray goose,16.96,156 156 147,#9c9c93
gray green,18.37,104 132 107,#68846b
gray wolf,14.69,113 116 112,#717470
grayish turquoise,19.61,125 168 159,#7da89f
green,27.03,61 165 61,#3da53d
green apple,28.76,122 185 52,#7ab934
green earth,28.76,76 148 59,#4c943b
green earth pg23,33.94,91 148 71,#5b9447
green onion,29.74,97 166 63,#61a63f
green pepper,30.59,69 150 28,#45961c
green thumb,27.9,80 161 67,#50a143
greenish blue,26.29,78 162 139,#4ea28b
greenyellow,29.02,170 200 18,#aac812
grey,18.07,129 131 127,#81837f
gris,20.39,132 130 118,#848276
grise,20.37,145 139 124,#918b7c
gulf blue,21.47,104 163 183,#68a3b7
gunmetal,18.64,76 79 77,#4c4f4d
gunmetal gray,19.51,87 89 88,#575958
half white,19.2,196 197 188,#c4c5bc
halloween orange,16.0,206 98 10,#ce620a
harvest gold,16.05,212 157 39,#d49d27
hazel,29.23,164 125 86,#a47d56
hazel green,24.47,89 131 75,#59834b
heavenly blue,20.95,76 149 186,#4c95ba
helios red,28.54,184 36 22,#b82416
helios red pr3,30.57,174 41 27,#ae291b
heliotrope purple,19.16,115 74 126,#734a7e
hint of pink,22.52,215 146 151,#d79297
honeydew,37.24,166 175 67,#a6af43
hot deep pink,21.57,201 51 94,#c9335e
hot pink,19.85,216 86 122,#d8567a
hotpink,21.74,210 87 113,#d25771
hummingbird green,27.36,97 164 81,#61a451
hunter green,19.99,62 126 67,#3e7e43
iguana green,35.32,69 158 58,#459e3a
indian red,24.9,184 40 21,#b82815
indian saffron,23.91,208 148 15,#d0940f
indian yellow,18.11,229 189 10,#e5bd0a
indian yellow sub py1 py83,19.46,223 189 14,#dfbd0e
indianred,26.55,180 47 28,#b42f1c
indigo,26.45,40 80 128,#285080
indigo blue,26.25,28 82 138,#1c528a
indigo blue pb60,28.72,49 96 143,#31608f
iridescent,31.21,148 119 111,#94776f
irish green,25.76,45 143 59,#2d8f3b
iron gray,17.79,92 95 92,#5c5f5c
isle of man green,26.91,78 149 77,#4e954d
ivory,14.67,213 203 174,#d5cbae
ivory black,27.68,154 146 126,#9a927e
ivory black pbk9,24.02,157 151 133,#9d9785
jade,24.82,50 150 92,#32965c
jade green,21.63,44 163 82,#2ca352
jasmine purple,19.01,145 109 154,#916d9a
jaune,17.03,231 197 9,#e7c509
jeans blue,23.17,70 115 147,#467393
jet gray,20.38,103 105 103,#676967
jungle green,26.23,60 146 60,#3c923c
kelly green,18.98,54 177 65,#36b141
khaki,23.5,140 131 89,#8c8359
khaki brown,20.51,145 115 77,#91734d
khaki green,21.85,112 133 78,#70854e
khaki rose,17.96,178 153 126,#b2997e
lapis blue,32.83,31 88 150,#1f5896
lava red,25.34,175 35 19,#af2313
lavender,13.55,179 152 191,#b398bf
lavender blue,17.25,158 157 200,#9e9dc8
lavender blush,14.17,209 174 183,#d1aeb7
lavender purple,15.01,173 143 191,#ad8fbf
lavenderblush,15.52,199 170 193,#c7aac1
lawngreen,23.18,93 160 75,#5da04b
lemon chiffon,11.37,233 214 66,#e9d642
lemon green,23.66,178 217 39,#b2d927
lemon yellow,14.6,233 212 17,#e9d411
lemon yellow py3,16.2,233 210 33,#e9d221
lemonchiffon,14.42,228 209 69,#e4d145
lemony white,14.97,230 221 141,#e6dd8d
light aquamarine,21.48,135 205 196,#87cdc4
light beige,11.62,218 195 156,#dac39c
light black,16.07,35 34 30,#23221e
light blue,22.28,129 185 206,#81b9ce
light blueish purple,18.99,144 142 197,#908ec5
light bluey gray,17.47,147 172 180,#93acb4
light bluey green,24.8,120 204 167,#78cca7
light bluey turquoise,21.03,119 208 203,#77d0cb
light brown,17.05,184 133 83,#b88553
light brownish gray,18.5,163 143 118,#a38f76
light copper,20.59,172 106 64,#ac6a40
light cyan,28.99,99 182 173,#63b6ad
light day blue,23.56,107 169 197,#6ba9c5
light french beige,9.85,217 197 162,#d9c5a2
light gold,20.25,207 161 66,#cfa142
light goldenrod,16.3,228 185 38,#e4b926
light gray,20.18,167 168 162,#a7a8a2
light green,27.26,121 211 111,#79d36f
light greenish blue,22.94,133 202 172,#85caac
light greenish brown,21.38,153 158 96,#999e60
light greenish gray,18.31,152 175 148,#98af94
light greenish yellow,22.26,195 224 62,#c3e03e
light greeny turquoise,24.07,127 219 169,#7fdba9
light jade,24.67,109 187 134,#6dbb86
light mint green,15.73,164 224 178,#a4e0b2
light olive green,17.5,133 157 73,#859d49
light orange,14.79,226 130 36,#e28224
light orangy brown,16.46,208 124 52,#d07c34
light orangy gray,22.34,189 145 110,#bd916e
light orangy pink,17.62,228 146 123,#e4927b
light orangy red,22.69,215 77 28,#d74d1c
light orangy yellow,17.31,236 186 22,#ecba16
light pink,16.1,224 167 168,#e0a7a8
light pinkish orange,15.03,230 149 113,#e69571
light pinkish purple,22.42,209 147 186,#d193ba
light pinkish red,22.34,219 110 104,#db6e68
light purple,22.25,178 141 194,#b28dc2
light purple blue,25.25,131 124 190,#837cbe
light purplish brown,17.27,157 107 102,#9d6b66
light purplish gray,16.14,156 139 161,#9c8ba1
light purply blue,28.4,94 135 184,#5e87b8
light purply red,27.95,178 35 46,#b2232e
light red,28.87,189 34 26,#bd221a
light reddish brown,21.66,185 91 49,#b95b31
light reddish gray,25.5,165 109 96,#a56d60
light reddish orange,21.43,216 89 32,#d85920
light reddish pink,23.18,218 118 112,#da7670
light reddish purple,22.27,171 71 98,#ab4762
light rose,24.08,205 146 140,#cd928c
light rose green,29.3,157 186 136,#9dba88
light salmon,27.36,199 136 105,#c78869
light salmon rose,21.23,216 152 131,#d89883
light sky blue,20.1,158 199 213,#9ec7d5
light slate,26.82,122 130 121,#7a8279
light slate blue,19.74,123 154 166,#7b9aa6
light steel blue,27.35,98 147 170,#6293aa
light steel gray,19.31,137 139 136,#898b88
light teal,23.99,110 184 164,#6eb8a4
light turquoise,21.09,138 215 197,#8ad7c5
light white,19.91,206 206 195,#cecec3
light yellow,14.13,236 213 43,#ecd52b
light yellowish brown,15.55,224 176 63,#e0b03f
light yellowish gray,19.71,213 194 117,#d5c275
light yellowy green,21.22,195 225 52,#c3e134
light yellowy orange,14.15,236 177 25,#ecb119
lightblue,23.49,124 179 200,#7cb3c8
lightcoral,37.38,171 128 103,#ab8067
lightcyan,32.3,101 174 176,#65aeb0
lightest yellow,14.42,238 210 31,#eed21f
lightgoldenrodyellow,22.72,222 160 14,#dea00e
lightgray,19.98,158 159 152,#9e9f98
lightgreen,28.09,91 199 91,#5bc75b
lightgrey,18.99,164 166 157,#a4a69d
lightpink,23.37,216 157 160,#d89da0
lightsalmon,30.92,191 131 104,#bf8368
lightseagreen,25.49,111 196 134,#6fc486
lightskyblue,20.8,160 198 208,#a0c6d0
lightslategray,19.38,135 141 135,#878d87
lightslategrey,16.76,135 140 135,#878c87
lightsteelblue,24.63,94 140 165,#5e8ca5
lightyellow,16.67,232 206 39,#e8ce27
lilac,16.62,173 143 182,#ad8fb6
lime,24.11,164 209 42,#a4d12a
lime mint green,24.5,143 232 97,#8fe861
limegreen,21.98,132 225 41,#84e129
linen,24.02,190 174 134,#beae86
lipstick pink,25.47,197 112 124,#c5707c
lithopone white,18.29,205 203 190,#cdcbbe
lithopone white pw5,15.29,207 207 196,#cfcfc4
lotus green,28.08,74 170 72,#4aaa48
love red,28.47,179 34 28,#b3221c
lovely purple,15.86,141 99 151,#8d6397
macaw blue green,37.36,62 140 103,#3e8c67
magenta,29.37,176 49 107,#b0316b
magenta pink,21.54,208 69 126,#d0457e
magic mint,24.0,124 179 154,#7cb39a
mango orange,18.18,218 129 15,#da810f
marble blue,23.91,95 148 178,#5f94b2
marly white,16.43,205 204 192,#cdccc0
marly white pw18,16.27,204 201 188,#ccc9bc
maroon,22.61,113 35 38,#712326
maroon red,22.87,124 25 27,#7c191b
mars black,16.93,39 33 28,#27211c
mars black pbk11,22.21,49 43 36,#312b24
mars red,30.46,171 34 21,#ab2215
mars red pr101,32.71,169 43 27,#a92b1b
mars yellow,23.28,219 178 10,#dbb20a
mars yellow py1 pbr7,23.77,221 181 19,#ddb513
mauve,16.32,151 102 114,#976672
mauve taupe,17.86,160 126 114,#a07e72
medium forest green,23.65,50 112 67,#327043
medium purple,17.55,116 82 133,#745285
medium slate blue,22.33,74 102 117,#4a6675
medium teal,26.26,71 144 131,#479083
mediumaquamarine,39.28,105 161 149,#69a195
mediumblue,27.91,83 138 164,#538aa4
mediumorchid,36.66,163 129 107,#a3816b
mediumpurple,19.2,117 81 132,#755184
mediumseagreen,27.9,80 160 109,#50a06d
mediumslateblue,21.28,88 120 132,#587884
mediumspringgreen,27.05,113 177 89,#71b159
mediumturquoise,31.15,90 174 161,#5aaea1
metallic bronze,19.31,149 101 55,#956537
metallic gold,22.72,182 141 54,#b68d36
metallic green,24.02,48 133 60,#30853c
metallic silver,19.7,154 153 149,#9a9995
midday blue,20.29,108 158 182,#6c9eb6
midnight,29.89,49 51 51,#313333
midnight green,22.39,22 84 52,#165434
midnight purple,18.62,66 39 89,#422759
midnightblue,23.83,29 66 102,#1d4266
military green,25.15,67 103 56,#436738
milk chocolate,18.98,116 76 51,#744c33
milk white,13.19,212 212 202,#d4d4ca
millennium jade,27.84,50 134 85,#328655
mineral violet,20.53,123 88 144,#7b5890
mineral violet pv16,22.52,130 98 138,#82628a
mint,20.0,139 190 168,#8bbea8
mint green,15.17,140 209 164,#8cd1a4
mintcream,16.34,167 205 179,#a7cdb3
mist blue,20.55,115 164 184,#73a4b8
misty rose,19.15,199 154 149,#c79a95
mistyrose,22.29,192 143 138,#c08f8a
mocha,18.65,133 96 67,#856043
moss green,20.47,78 132 59,#4e843b
murky green,27.07,45 105 55,#2d6937
mustard,15.62,219 173 18,#dbad12
mustard yellow,15.66,232 191 15,#e8bf0f
muted black,10.81,31 31 29,#1f1f1d
muted blue,20.3,104 147 166,#6893a6
muted blueish purple,16.3,117 111 159,#756f9f
muted bluey brown,24.64,128 120 101,#807865
muted bluey gray,17.43,128 146 152,#809298
muted bluey green,19.73,107 161 139,#6ba18b
muted bluey turquoise,22.2,112 183 178,#70b7b2
muted brown,17.36,149 102 66,#956642
muted brownish gray,18.06,134 117 96,#867560
muted gray,17.04,143 142 134,#8f8e86
muted green,18.82,105 152 98,#699862
muted greenish blue,19.35,116 163 144,#74a390
muted greenish brown,23.22,127 124 79,#7f7c4f
muted greenish gray,18.0,129 145 124,#81917c
muted greenish yellow,20.26,186 194 64,#bac240
muted greeny turquoise,21.06,111 179 142,#6fb38e
muted orange,13.21,220 121 42,#dc792a
muted orangy brown,15.89,195 115 56,#c37338
muted orangy pink,14.07,225 148 120,#e19478
muted orangy red,18.23,208 82 41,#d05229
muted orangy yellow,14.98,231 172 29,#e7ac1d
muted pink,14.03,220 163 160,#dca3a0
muted pinkish orange,12.96,226 143 109,#e28f6d
muted pinkish purple,17.98,185 131 159,#b9839f
muted pinkish red,17.69,205 102 95,#cd665f
muted purple,15.9,147 115 155,#93739b
muted purplish brown,15.88,138 92 90,#8a5c5a
muted purplish gray,13.86,140 123 137,#8c7b89
muted purply blue,22.57,97 115 149,#617395
muted purply red,21.54,153 47 54,#992f36
muted red,23.45,176 46 34,#b02e22
muted reddish brown,19.26,154 76 45,#9a4c2d
muted reddish gray,23.19,144 97 86,#906156
muted reddish orange,17.85,207 85 39,#cf5527
muted reddish pink,17.48,207 114 105,#cf7269
muted reddish purple,19.12,137 67 82,#894352
muted turquoise,21.28,125 188 170,#7dbcaa
muted yellow,15.51,231 197 43,#e7c52b
muted yellowish brown,17.97,209 161 52,#d1a134
muted yellowish gray,18.83,204 182 99,#ccb663
muted yellowy green,19.86,185 192 55,#b9c037
muted yellowy orange,14.83,229 165 34,#e5a522
muted yellowy turquoise,19.94,201 207 107,#c9cf6b
naples yellow,12.67,232 198 24,#e8c618
naples yellow sub py1,18.89,222 195 21,#dec315
nardo gray,20.51,109 110 105,#6d6e69
navajo white,14.23,209 204 188,#d1ccbc
navajowhite,23.39,196 186 166,#c4baa6
navy,28.94,60 75 91,#3c4b5b
nebula green,24.22,40 135 63,#28873f
neon blue,34.27,37 144 185,#2590b9
neon gold,37.52,196 153 18,#c49912
neon green,27.73,78 219 33,#4edb21
neon hot pink,21.96,213 54 115,#d53673
neon orange,19.76,220 101 10,#dc650a
neon pink,21.24,212 69 123,#d4457b
neon purple,23.98,124 45 136,#7c2d88
neon red,33.13,189 29 26,#bd1d1a
neon yellow,16.38,222 229 7,#dee507
neon yellow green,28.68,153 233 7,#99e907
new midnight blue,22.54,35 66 95,#23425f
nickel yellow,19.12,221 186 10,#ddba0a
nickel yellow py53,18.9,221 188 24,#ddbc18
night blue,21.31,20 67 111,#14436f
noir,28.87,55 48 38,#373026
noire,23.73,50 50 45,#32322d
northern lights blue,18.35,27 131 167,#1b83a7
oak brown,24.12,141 101 64,#8d6540
ocean blue,23.03,68 148 180,#4494b4
ocean green,23.54,63 162 113,#3fa271
off white,11.69,212 211 199,#d4d3c7
old burgundy,23.5,116 51 48,#743330
old rose,24.47,183 126 113,#b77e71
olive,26.43,130 128 63,#82803f
olive drab,23.34,108 113 64,#6c7140
olive green,23.1,99 127 55,#637f37
olivedrab,25.3,121 121 63,#79793f
orange,15.62,221 113 15,#dd710f
orange gold,17.28,221 133 13,#dd850d
orange red,19.06,215 81 12,#d7510c
orange salmon,21.63,213 115 53,#d57335
orange yellow,15.99,233 159 6,#e99f06
orangered,20.9,212 84 17,#d45411
orchid purple,18.76,141 84 141,#8d548d
organic brown,18.22,148 101 62,#94653e
pale blue,16.55,161 202 211,#a1cad3
pale blue lily,23.22,152 185 191,#98b9bf
pale blueish purple,15.43,168 162 203,#a8a2cb
pale bluey brown,19.86,173 172 150,#adac96
pale bluey gray,14.71,165 185 189,#a5b9bd
pale bluey green,18.03,153 208 178,#99d0b2
pale bluey turquoise,16.48,146 213 204,#92d5cc
pale brown,16.78,195 153 109,#c3996d
pale brownish gray,16.16,176 159 136,#b09f88
pale gray,13.7,185 186 179,#b9bab3
pale green,16.49,162 212 152,#a2d498
pale greenish blue,15.04,161 208 185,#a1d0b9
pale greenish brown,16.77,167 172 117,#a7ac75
pale greenish gray,15.27,167 186 161,#a7baa1
pale greenish yellow,14.85,205 221 98,#cddd62
pale greeny turquoise,16.11,151 216 177,#97d8b1
pale lavender,11.23,202 180 208,#cab4d0
pale lilac,13.99,195 174 197,#c3aec5
pale magenta,14.9,214 148 162,#d694a2
pale orange,12.21,235 157 80,#eb9d50
pale orangy brown,15.22,215 148 87,#d79457
pale orangy gray,16.3,207 176 145,#cfb091
pale orangy pink,12.51,233 171 148,#e9ab94
pale orangy red,16.14,224 111 70,#e06f46
pale orangy yellow,12.96,240 198 62,#f0c63e
pale pink,13.37,229 183 178,#e5b7b2
pale pinkish orange,12.61,235 167 132,#eba784
pale pinkish purple,14.38,212 167 193,#d4a7c1
pale pinkish red,16.06,225 140 130,#e18c82
pale primrose,20.65,213 191 146,#d5bf92
pale purple,11.44,192 166 201,#c0a6c9
pale purplish brown,15.22,177 132 124,#b1847c
pale purplish gray,13.7,174 158 175,#ae9eaf
pale purply blue,22.21,140 170 197,#8caac5
pale purply red,24.55,192 79 80,#c04f50
pale red,22.43,211 89 71,#d35947
pale reddish brown,18.99,198 121 82,#c67952
pale reddish gray,18.28,190 152 136,#be9888
pale reddish orange,16.18,229 125 75,#e57d4b
pale reddish pink,13.48,227 156 143,#e39c8f
pale reddish purple,18.71,192 131 151,#c08397
pale silver,17.71,170 171 164,#aaaba4
pale turquoise,18.03,156 211 194,#9cd3c2
pale violet red,19.51,196 88 97,#c45861
pale yellow,11.79,238 218 89,#eeda59
pale yellowish brown,13.76,226 186 90,#e2ba5a
pale yellowish gray,15.56,220 207 141,#dccf8d
pale yellowy green,16.31,204 224 94,#cce05e
pale yellowy orange,12.32,240 188 62,#f0bc3e
pale yellowy turquoise,19.72,210 225 140,#d2e18c
palegoldenrod,19.79,210 120 49,#d27831
palegreen,20.06,124 181 120,#7cb578
palest lavender,10.75,195 172 203,#c3accb
palest pink,14.13,227 165 169,#e3a5a9
paleturquoise,21.44,139 195 179,#8bc3b3
papaya orange,19.31,214 110 19,#d66e13
papayawhip,27.72,204 127 54,#cc7f36
parchment,28.19,184 153 84,#b89954
parrot green,37.26,70 164 50,#46a432
pastel blue,13.43,162 207 217,#a2cfd9
pastel brown,13.25,199 150 107,#c7966b
pastel green,16.07,157 223 150,#9ddf96
pastel indigo,14.36,126 171 195,#7eabc3
pastel light blue,13.25,177 215 220,#b1d7dc
pastel orange,14.25,233 151 80,#e99750
pastel pink,14.15,230 179 179,#e6b3b3
pastel purple,14.66,195 163 200,#c3a3c8
pastel red,18.04,217 103 89,#d96759
pastel rose,18.4,213 169 165,#d5a9a5
pastel violet,15.06,191 157 197,#bf9dc5
pastel yellow,10.82,238 219 78,#eedb4e
pb72,28.34,171 139 84,#ab8b54
pea green,22.11,74 168 70,#4aa846
peach,17.4,221 157 119,#dd9d77
peach pink,13.8,229 170 147,#e5aa93
peach puff,21.01,215 161 130,#d7a182
peachpuff,20.08,215 163 132,#d7a384
pearl,24.74,180 167 143,#b4a78f
pearl white,15.29,207 207 196,#cfcfc4
periwinkle,26.96,148 171 186,#94abba
periwinkle pink,17.68,210 163 177,#d2a3b1
periwinkle purple,16.58,151 124 177,#977cb1
permanent red deep,24.35,161 28 21,#a11c15
permanent red deep pr3 pr482,37.98,194 21 11,#c2150b
petra gold,20.73,198 149 48,#c69530
phosphorescent,67.41,115 127 63,#737f3f
phtalocyanine green,25.86,42 157 72,#2a9d48
phtalocyanine green pg7,28.73,58 165 78,#3aa54e
phthalocyanine blue,29.47,36 121 172,#2479ac
phthalocyanine blue pb15,30.34,41 124 172,#297cac
pig pink,21.3,209 149 153,#d19599
pine green,24.03,75 136 81,#4b8851
pink,19.84,221 146 160,#dd92a0
pink brown,17.51,195 125 108,#c37d6c
pink bubble gum,24.64,216 140 160,#d88ca0
pink coral,17.62,218 133 123,#da857b
pink lemonade,20.7,222 159 142,#de9f8e
pink orange,18.88,227 122 75,#e37a4b
pink plum,28.34,194 111 130,#c26f82
pink rose,25.24,199 134 140,#c7868c
pink violet,25.56,201 103 157,#c9679d
pinky magenta,20.02,208 80 128,#d05080
pistachio green,21.88,121 189 92,#79bd5c
platinum,23.8,150 145 134,#969186
platinum gray,20.46,139 139 134,#8b8b86
platinum silver,21.03,156 156 152,#9c9c98
plum,24.45,119 71 89,#774759
plum pie,27.15,134 77 81,#864d51
plum purple,16.96,105 62 111,#693e6f
plum velvet,19.27,94 44 68,#5e2c44
powder pink,14.01,220 158 161,#dc9ea1
powderblue,21.23,90 153 182,#5a99b6
primary blue,28.43,59 135 178,#3b87b2
primary blue pb15,30.46,80 142 176,#508eb0
primary red,25.68,190 32 20,#be2014
primary red pv19,25.87,183 36 27,#b7241b
primary yellow,18.07,237 207 12,#edcf0c
primary yellow py1 py3,18.61,231 203 19,#e7cb13
prussian blue,31.73,44 95 143,#2c5f8f
prussian blue pb27,31.05,53 100 144,#356490
pullman brown,24.85,128 91 58,#805b3a
pumpkin orange,19.23,209 113 14,#d1710e
pumpkin pie,20.31,207 131 30,#cf831e
pure blue,26.41,55 144 189,#3790bd
purple,15.99,124 80 145,#7c5091
purple amethyst,17.97,106 64 124,#6a407c
purple flower,25.94,142 102 145,#8e6691
purple haze,16.46,131 82 144,#835290
purple iris,18.97,123 92 143,#7b5c8f
purple jam,19.24,117 70 125,#75467d
purple lily,22.25,139 100 146,#8b6492
purple maroon,24.08,94 34 64,#5e2240
purple navy,19.04,73 56 100,#493864
purple pink,20.66,180 95 150,#b45f96
purple plum,18.48,107 62 112,#6b3e70
purple violet,17.46,114 68 140,#72448c
purple white,23.65,169 144 180,#a990b4
quinacridone red,30.74,181 39 25,#b52719
quinacridone red pr122,31.63,182 42 28,#b62a1c
racing green,21.68,41 140 60,#298c3c
raspberry,34.25,176 80 94,#b0505e
raspberry purple,20.08,141 58 108,#8d3a6c
raw sienna,14.0,191 116 42,#bf742a
raw sienna pbr7,20.3,176 113 53,#b07135
raw umber,17.43,167 103 43,#a7672b
raw umber pbr7,21.68,158 100 45,#9e642d
rebeccapurple,17.48,135 97 137,#876189
red,22.76,187 26 19,#bb1a13
red blood,24.84,158 23 20,#9e1714
red brown,23.58,164 57 30,#a4391e
red brown pr101 pbr7,28.29,154 68 38,#9a4426
red dirt,22.69,171 50 32,#ab3220
red gold,25.65,187 48 14,#bb300e
red magenta,25.2,179 31 48,#b31f30
red ochre,19.23,203 77 20,#cb4d14
red ochre pr102,23.17,192 75 28,#c04b1c
red pink,19.95,204 66 71,#cc4247
red white,31.32,199 88 80,#c75850
red wine,27.07,119 39 41,#772729
rice,20.85,195 157 64,#c39d40
rich lilac,17.61,173 141 173,#ad8dad
rich navy,27.31,55 63 73,#373f49
rich pale pink,13.17,228 173 167,#e4ada7
robin egg blue,18.25,131 181 181,#83b5b5
rogue pink,20.36,204 114 131,#cc7283
roman silver,21.49,148 144 134,#949086
rose dust,19.46,185 124 120,#b97c78
rose gold,17.43,195 135 108,#c3876c
rose pink,22.84,206 142 145,#ce8e91
rose purple,22.11,150 84 127,#96547f
rose quartz,22.19,218 159 161,#da9fa1
rose red,33.21,172 44 44,#ac2c2c
rosy,24.62,191 123 109,#bf7b6d
rosy brown,18.87,170 103 66,#aa6742
rosy pink,22.45,213 141 144,#d58d90
rosybrown,18.57,162 96 64,#a26040
rouge,39.36,172 54 43,#ac362b
royal blue,29.97,32 95 161,#205fa1
royal pink,25.19,210 115 138,#d2738a
royalblue,28.24,38 101 160,#2665a0
rubber ducky yellow,21.36,216 189 21,#d8bd15
ruby red,27.47,170 29 25,#aa1d19
rust,17.92,169 89 30,#a9591e
saddlebrown,21.45,136 92 56,#885c38
safety orange,16.79,220 109 15,#dc6d0f
safety yellow,21.74,232 215 11,#e8d70b
saffron,24.31,215 164 14,#d7a40e
saffron red,25.3,211 94 14,#d35e0e
sage green,19.2,119 160 109,#77a06d
salad green,30.83,101 180 65,#65b441
salmon,30.26,200 119 87,#c87757
salmon pink,16.12,222 149 134,#de9586
samco blue,20.9,61 128 165,#3d80a5
sandstone,20.85,180 152 114,#b49872
sandybrown,23.55,169 129 86,#a98156
sangria,40.37,167 56 42,#a7382a
sapphire blue,29.79,31 96 161,#1f60a1
saturated blue,27.45,38 128 178,#2680b2
saturated magenta,25.75,180 37 101,#b42565
saturated navy,29.14,43 64 89,#2b4059
saturated purple,18.29,119 64 137,#774089
scarlet,25.38,181 29 22,#b51d16
scarlet red,23.18,182 22 18,#b61612
school bus yellow,21.5,212 185 26,#d4b91a
screen pink,20.13,219 146 159,#db929f
sea blue,19.45,96 160 184,#60a0b8
sea green,22.75,77 168 121,#4da879
sea turtle green,30.72,63 146 91,#3f925b
seafoam green,17.59,133 201 161,#85c9a1
seagreen,26.23,76 156 108,#4c9c6c
seaweed green,23.28,72 145 85,#489155
sedona,34.67,171 122 91,#ab7a5b
sepia,16.33,182 130 67,#b68243
sepia brown,18.23,155 105 64,#9b6940
shamrock green,20.7,43 160 51,#2ba033
sheet metal,29.92,167 134 74,#a7864a
shocking orange,17.18,222 105 9,#de6909
sienna,20.17,189 120 51,#bd7833
silk blue,23.85,85 139 168,#558ba8
silver,20.79,149 149 145,#959591
silver pink,17.09,203 158 162,#cb9ea2
silver white,17.15,193 195 190,#c1c3be
sky blue,17.62,125 181 205,#7db5cd
skyblue,17.69,127 180 201,#7fb4c9
slate blue,21.54,75 106 124,#4b6a7c
slate blue gray,19.65,93 110 118,#5d6e76
slate granite gray,19.79,106 109 105,#6a6d69
slate gray,18.48,99 103 101,#636765
slateblue,22.86,80 113 130,#507182
slategray,19.33,111 115 112,#6f7370
slategrey,18.02,104 111 109,#686f6d
slime green,28.72,62 186 49,#3eba31
smokey gray,20.23,101 102 97,#656661
soft blue,19.01,138 185 204,#8ab9cc
soft hazel,21.38,186 155 117,#ba9b75
soft ivory,11.67,220 208 179,#dcd0b3
soft pink,15.0,225 174 172,#e1aeac
solferino lake,26.11,154 164 141,#9aa48d
solferino lake tyrian rose pr173,24.04,191 156 146,#bf9c92
sonic silver,21.28,145 145 142,#91918e
spring green,23.39,114 188 94,#72bc5e
springgreen,25.32,116 187 93,#74bb5d
stainless steel gray,18.36,115 116 113,#737471
steel blue,23.39,54 107 143,#366b8f
steel gray,19.94,107 109 106,#6b6d6a
steelblue,24.15,62 103 130,#3e6782
stoplight go green,34.77,67 162 49,#43a231
stormy gray,20.21,112 115 112,#707370
strawberry red,32.22,188 48 41,#bc3029
sun yellow,16.35,236 200 17,#ecc811
sunrise orange,14.01,222 119 14,#de770e
tan,21.03,185 133 71,#b98547
tan brown,19.07,172 110 57,#ac6e39
tangerine,14.65,221 123 16,#dd7b10
taupe,16.02,168 144 118,#a89076
tea green,20.84,92 151 74,#5c974a
teal,23.15,70 153 139,#46998b
teal blue,23.29,53 150 153,#359699
teal green,20.15,47 152 112,#2f9870
tiffany blue,20.18,106 191 190,#6abfbe
tiger orange,26.63,190 103 24,#be6718
titanium white,19.93,189 190 184,#bdbeb8
titanium white pw6,16.44,200 200 191,#c8c8bf
tomato,34.87,189 57 20,#bd3914
tomato sauce red,30.43,185 39 18,#b92712
tron blue,25.5,42 113 157,#2a719d
tulip pink,21.15,203 143 146,#cb8f92
tumeric,24.08,198 155 22,#c69b16
turquoise,27.76,81 183 168,#51b7a8
turquoise green,28.15,58 184 137,#3ab889
tyrian purple,20.2,94 53 101,#5e3565
tyrian rose,29.17,160 82 76,#a0524c
ultramarine,30.4,42 101 156,#2a659c
ultramarine blue deep,28.57,27 79 141,#1b4f8d
ultramarine blue deep pb29,26.48,29 86 146,#1d5692
ultramarine blue light,25.96,32 102 165,#2066a5
ultramarine blue light pb29,25.23,58 134 187,#3a86bb
ultramarine violet,27.55,61 69 149,#3d4595
ultramarine violet pv15,27.89,74 77 145,#4a4d91
unbleached silk,22.11,189 163 117,#bda375
valentine red,29.46,179 33 34,#b32122
vampire gray,20.33,82 87 86,#525756
van dyck brown,19.7,128 80 42,#80502a
van dyck brown pbr8,19.97,131 89 53,#835935
vanilla,20.34,208 196 152,#d0c498
velvet maroon,21.99,101 28 33,#651c21
venetian red,22.98,178 37 25,#b22519
venetian red pr101,28.38,168 35 24,#a82318
venom green,29.79,33 128 42,#21802a
vermilion,30.82,193 49 20,#c13114
vermillian,31.75,168 134 80,#a88650
veronese green,26.51,57 140 68,#398c44
veronese green pg36 py3,30.95,79 165 82,#4fa552
vert,44.83,117 158 82,#759e52
verte,34.53,96 153 85,#609955
vibrant blue,30.32,37 136 186,#2588ba
vibrant blueish purple,17.98,75 69 157,#4b459d
vibrant bluey gray,24.32,83 134 161,#5386a1
vibrant bluey green,33.84,43 174 126,#2bae7e
vibrant bluey turquoise,29.22,48 182 189,#30b6bd
vibrant brown,18.82,170 88 28,#aa581c
vibrant brownish gray,20.49,140 96 61,#8c603d
vibrant gray,18.08,121 123 120,#797b78
vibrant green,25.29,60 200 41,#3cc829
vibrant greenish blue,32.7,49 179 127,#31b37f
vibrant greenish brown,27.89,110 129 41,#6e8129
vibrant greenish gray,25.15,96 152 105,#609869
vibrant greenish yellow,24.92,180 216 14,#b4d80e
vibrant greeny turquoise,28.65,55 195 122,#37c37a
vibrant lime,22.34,166 220 18,#a6dc12
vibrant magenta,27.34,179 37 106,#b3256a
vibrant orange,15.11,225 111 11,#e16f0b
vibrant orangy brown,17.57,208 102 18,#d06612
vibrant orangy pink,15.95,226 103 75,#e2674b
vibrant orangy red,21.68,216 66 15,#d8420f
vibrant orangy yellow,18.16,238 176 4,#eeb004
vibrant pink,16.74,220 98 136,#dc6288
vibrant pinkish orange,16.08,229 104 64,#e56840
vibrant pinkish purple,19.92,197 73 146,#c54992
vibrant pinkish red,17.62,213 57 75,#d5394b
vibrant purple,21.79,122 59 144,#7a3b90
vibrant purplish brown,22.46,120 53 73,#783549
vibrant purplish gray,17.47,114 82 128,#725280
vibrant purply blue,32.51,57 63 146,#393f92
vibrant purply red,25.49,168 24 44,#a8182c
vibrant red,21.8,192 21 16,#c01510
vibrant reddish brown,30.09,177 54 23,#b13617
vibrant reddish gray,31.66,160 54 48,#a03630
vibrant reddish orange,19.4,215 69 12,#d7450c
vibrant reddish pink,22.08,211 50 71,#d33247
vibrant reddish purple,28.37,159 28 68,#9f1c44
vibrant scarlet,24.7,190 22 18,#be1612
vibrant scartlet,29.87,178 118 41,#b27629
vibrant turquoise,29.91,59 188 174,#3bbcae
vibrant violet,24.84,123 56 145,#7b3891
vibrant yellow,15.44,237 208 3,#edd003
vibrant yellowish brown,16.44,226 173 10,#e2ad0a
vibrant yellowish gray,21.72,218 188 37,#dabc25
vibrant yellowy green,22.97,197 218 4,#c5da04
vibrant yellowy orange,15.25,237 174 5,#edae05
viola,30.27,171 125 60,#ab7d3c
viola purple,16.6,117 78 136,#754e88
violet,16.29,133 86 149,#855695
violet red,27.25,156 30 53,#9c1e35
warm black,24.98,55 36 20,#372414
warm pink,19.93,217 136 132,#d98884
warm white,16.44,215 205 180,#d7cdb4
watermelon pink,15.6,219 113 117,#db7175
western charcoal,16.72,67 68 64,#434440
white,13.36,211 213 207,#d3d5cf
white blue,24.35,168 199 215,#a8c7d7
white chocolate,16.17,207 194 160,#cfc2a0
white gold,20.71,205 189 153,#cdbd99
white gray,14.04,201 203 198,#c9cbc6
white ice,11.35,207 216 217,#cfd8d9
white yellow,15.25,238 221 110,#eedd6e
whitesmoke,20.68,181 181 172,#b5b5ac
wild strawberry,29.33,177 78 75,#b14e4b
windows blue,23.66,64 142 189,#408ebd
wine red,23.83,123 32 34,#7b2022
wisteria purple,14.11,150 117 165,#9675a5
yellow,18.85,234 202 7,#eaca07
yellow gold,18.16,227 183 14,#e3b70e
yellow lawn green,18.3,206 215 17,#ced711
yellow ochre,13.11,231 193 17,#e7c111
yellow ochre py43,15.44,228 188 26,#e4bc1a
yellow orange,14.56,236 172 6,#ecac06
yellowgreen,26.75,191 207 14,#bfcf0e
yellowy white,14.16,238 215 78,#eed74e
zinc white,18.25,197 197 189,#c5c5bd
zinc white pw4,15.64,197 198 190,#c5c6be
zombie green,26.62,54 156 48,#369c30
